Código,Cod,Nome Comercial,Div. Yeld,P/VP
AALR3,"""AALR3"",",ALLIAR,,
ABCB3,"""ABCB3"",",ABC Brasil,,
ABCB4,"""ABCB4"",",ABC Brasil,,
ABEV3,"""ABEV3"",",AMBEV S/A,,
ABYA3,"""ABYA3"",",ABYARA,,
ACES3,"""ACES3"",",ARCELORMITTAL INOX BRASIL,,
ACES4,"""ACES4"",",ARCELORMITTAL INOX BRASIL,,
ADHM3,"""ADHM3"",",ADVANCED-DH,,
AEDU11,"""AEDU11"",",ANHANGUERA EDUCACIONAL PARTICIPAÇÕES SA,,
AEDU3,"""AEDU3"",",ANHANGUERA EDUCACIONAL PARTICIPAÇÕES SA,,
AELP3,"""AELP3"",",AES ELPA,,
AERI3,"""AERI3"",",AERIS,,
AESB3,"""AESB3"",",AES BRASIL,,
AESL3,"""AESL3"",",AES SUL DISTRIB. GAÚCHA DE ENERGIA S.A.,,
AESL4,"""AESL4"",",AES SUL DISTRIB. GAÚCHA DE ENERGIA S.A.,,
AFLT3,"""AFLT3"",",AFLUENTE T,,
AFLU3,"""AFLU3"",",AFLUENTE,,
AFLU5,"""AFLU5"",",AFLUENTE,,
AGEI3,"""AGEI3"",",AGRE EMP IMOB,,
AGEN33,"""AGEN33"",",Agrenco,,
AGIN3,"""AGIN3"",",Agra Incorp,,
AGRO3,"""AGRO3"",",BRASILAGRO,,
AGXY3,"""AGXY3"",",AGROGALAXY,,
AHEB3,"""AHEB3"",",PARQUE ANHEMBI,,
AHEB5,"""AHEB5"",",PARQUE ANHEMBI,,
AHEB6,"""AHEB6"",",PARQUE ANHEMBI,,
ALBA3,"""ALBA3"",",DANA-ALBARUS S/A INDÚSTRIA E COMÉRCIO,,
ALLD3,"""ALLD3"",",ALLIED,,
ALLL11,"""ALLL11"",",RUMO S.A.,,
ALLL3,"""ALLL3"",",RUMO S.A.,,
ALLL4,"""ALLL4"",",RUMO S.A.,,
ALPA3,"""ALPA3"",",ALPARGATAS,,
ALPA4,"""ALPA4"",",ALPARGATAS,,
ALPK3,"""ALPK3"",",ESTAPAR,,
ALSC3,"""ALSC3"",",ALIANSCE,,
ALSO3,"""ALSO3"",",ALIANSCSONAE,,
ALUP11,"""ALUP11"",",ALUPAR,,
ALUP3,"""ALUP3"",",ALUPAR,,
ALUP4,"""ALUP4"",",ALUPAR,,
AMAR3,"""AMAR3"",",LOJAS MARISA,,
AMBP3,"""AMBP3"",",AMBIPAR,,
AMBV3,"""AMBV3"",",AMBEV,,
AMBV4,"""AMBV4"",",AMBEV,,
AMER3,"""AMER3"",",AMERICANAS,,
AMIL3,"""AMIL3"",",AMIL,,
AMPI3,"""AMPI3"",",AMPLA INVEST,,
ANIM3,"""ANIM3"",",ANIMA,,
APER3,"""APER3"",",ALPER S.A.,,
APTI4,"""APTI4"",",ALIPERTI,,
ARCE3,"""ARCE3"",",BELGO,,
ARCZ3,"""ARCZ3"",",ARACRUZ CELULOSE SA,,
ARCZ6,"""ARCZ6"",",ARACRUZ CELULOSE SA,,
ARLA3,"""ARLA3"",",ARTHUR LANGE,,
ARLA4,"""ARLA4"",",ARTHUR LANGE,,
ARML3,"""ARML3"",",ARMAC,,
ARPS3,"""ARPS3"",",DOUAT CIA TEXTIL,,
ARPS4,"""ARPS4"",",DOUAT CIA TEXTIL,,
ARTE3,"""ARTE3"",",KUALA S.A.,,
ARTE4,"""ARTE4"",",KUALA S.A.,,
ARTR3,"""ARTR3"",",ARTERIS,,
ARZZ3,"""ARZZ3"",",AREZZO CO,,
ASAI3,"""ASAI3"",",ASSAI,,
ASSM3,"""ASSM3"",",HOTEIS ELDORADO,,
ASSM4,"""ASSM4"",",HOTEIS ELDORADO,,
ASTA4,"""ASTA4"",",SANTISTA TÊXTIL S.A.,,
ATMP3,"""ATMP3"",",ATMASA,,
ATOM3,"""ATOM3"",",ATOMPAR,,
AURA33,"""AURA33"",",AURA 360,,
AUTM3,"""AUTM3"",",AUTOMETAL,,
AVIL3,"""AVIL3"",",ACOS VILLARES,,
AVLL3,"""AVLL3"",",ALPHAVILLE,,
AZEV3,"""AZEV3"",",AZEVEDO & TRAVASSOS,,
AZEV4,"""AZEV4"",",AZEVEDO & TRAVASSOS,,
AZUL4,"""AZUL4"",",AZUL,,
B3SA3,"""B3SA3"",",B3,,
BAHI11,"""BAHI11"",",BAHEMA,,
BAHI3,"""BAHI3"",",BAHEMA,,
BAHI4,"""BAHI4"",",BAHEMA,,
BAHI5,"""BAHI5"",",BAHEMA,,
BALM3,"""BALM3"",",BAUMER,,
BALM4,"""BALM4"",",BAUMER,,
BAUH4,"""BAUH4"",",EXCELSIOR,,
BAZA3,"""BAZA3"",",BANCO DA AMAZONIA S.A.,,
BBAS3,"""BBAS3"",",BANCO DO BRASIL S.A.,,
BBDC3,"""BBDC3"",",BANCO BRADESCO S.A.,,
BBDC4,"""BBDC4"",",BANCO BRADESCO S.A.,,
BBRK3,"""BBRK3"",",BR Brokers,,
BBSE3,"""BBSE3"",",BBSEGURIDADE,,
BBTG11,"""BBTG11"",",BTG PACTUAL UNITS,,
BBTG12,"""BBTG12"",",BTG PACTUAL,,
BBTG13,"""BBTG13"",",BTG PACTUAL,,
BCAL6,"""BCAL6"",",PRO METALURG,,
BDLL3,"""BDLL3"",",BAEDELLA,,
BDLL4,"""BDLL4"",",BAEDELLA,,
BECE3,"""BECE3"",",BEC,,
BECE4,"""BECE4"",",BEC,,
BEEF3,"""BEEF3"",",Minerva,,
BEES3,"""BEES3"",",BANESTES S/A,,
BEES4,"""BEES4"",",BANESTES S/A,,
BELG3,"""BELG3"",",BELGO,,
BELG4,"""BELG4"",",BELGO,,
BEMA3,"""BEMA3"",",Bematech,,
BERG3,"""BERG3"",",BERGAMO,,
BESP3,"""BESP3"",",BANESPA,,
BESP4,"""BESP4"",",BANESPA,,
BFIT3,"""BFIT3"",",BANCO SUDAMERIS BRASIL SA,,
BFIT4,"""BFIT4"",",BANCO SUDAMERIS BRASIL SA,,
BGIP3,"""BGIP3"",",BANESE,,
BGIP4,"""BGIP4"",",BANESE,,
BHGR3,"""BHGR3"",",BHG,,
BICB3,"""BICB3"",",BicBanco,,
BICB4,"""BICB4"",",BicBanco,,
BIDI11,"""BIDI11"",",BANCO INTER,,
BIDI3,"""BIDI3"",",BANCO INTER,,
BIDI4,"""BIDI4"",",BANCO INTER,,
BIOM3,"""BIOM3"",",BIOMM SA,,
BIOM4,"""BIOM4"",",BIOMM SA,,
BISA3,"""BISA3"",",BROOKFIELD INCORPORACOES,,
BKBR3,"""BKBR3"",",BK BRASIL,,
BLAU3,"""BLAU3"",",BLAU,,
BLUT3,"""BLUT3"",",B TECH EQI,,
BLUT4,"""BLUT4"",",B TECH EQI,,
BMEB3,"""BMEB3"",",BANCO MERCANTIL DO BRASIL S/A,,
BMEB4,"""BMEB4"",",BANCO MERCANTIL DO BRASIL S/A,,
BMEF3,"""BMEF3"",",BMF,,
BMGB11,"""BMGB11"",",BANCO BMG,,
BMGB4,"""BMGB4"",",BANCO BMG,,
BMIN3,"""BMIN3"",",BANCO MERCANTIL DE INVESTIMENTOS SA,,
BMIN4,"""BMIN4"",",BANCO MERCANTIL DE INVESTIMENTOS SA,,
BMKS3,"""BMKS3"",",MONARK,,
BMOB3,"""BMOB3"",",BEMOBI TECH,,
BMTO3,"""BMTO3"",",BRASMOTOR S.A,,
BMTO4,"""BMTO4"",",BRASMOTOR S.A,,
BNBR3,"""BNBR3"",",BANCO DO NORDESTE,,
BNBR4,"""BNBR4"",",BANCO DO NORDESTE,,
BNCA3,"""BNCA3"",",NOSSA CAIXA-NOSSO BANCO,,
BOAS3,"""BOAS3"",",BOA VISTA,,
BOBR3,"""BOBR3"",",BOMBRIL SA,,
BOBR4,"""BOBR4"",",BOMBRIL SA,,
BOVH3,"""BOVH3"",",Bovespa Hld,,
BPAC11,"""BPAC11"",",BTGP BANCO,,
BPAC3,"""BPAC3"",",BTGP BANCO,,
BPAC5,"""BPAC5"",",BTGP BANCO,,
BPAN4,"""BPAN4"",",BANCO PAN,,
BPAR3,"""BPAR3"",",BANPARÁ S.A.,,
BPAT33,"""BPAT33"",",Patagonia,,
BPHA3,"""BPHA3"",",BRAZIL PHARMA S.A.,,
BPIA3,"""BPIA3"",",BEP,,
BPNM3,"""BPNM3"",",BANCO PAN,,
BRAP3,"""BRAP3"",",BRADESPAR S/A,,
BRAP4,"""BRAP4"",",BRADESPAR S/A,,
BRBI11,"""BRBI11"",",BR PARTNERS,,
BRFS3,"""BRFS3"",",BRF Foods,,
BRGE11,"""BRGE11"",",CONSORCIO ALFA,,
BRGE12,"""BRGE12"",",CONSORCIO ALFA,,
BRGE3,"""BRGE3"",",CONSORCIO ALFA,,
BRGE5,"""BRGE5"",",CONSORCIO ALFA,,
BRGE6,"""BRGE6"",",CONSORCIO ALFA,,
BRGE7,"""BRGE7"",",CONSORCIO ALFA,,
BRGE8,"""BRGE8"",",CONSORCIO ALFA,,
BRIT3,"""BRIT3"",",BRISANET,,
BRIV3,"""BRIV3"",",ALFA DE INVESTIMENTO,,
BRIV4,"""BRIV4"",",ALFA DE INVESTIMENTO,,
BRKM3,"""BRKM3"",",BRASKEM,,
BRKM5,"""BRKM5"",",BRASKEM,,
BRKM6,"""BRKM6"",",BRASKEM,,
BRML3,"""BRML3"",",BR MALLS PARTICIPAÇÔES S/A,,
BRPR3,"""BRPR3"",",BR PROPERTIES,,
BRSR3,"""BRSR3"",",BANRISUL S/A,,
BRSR4,"""BRSR4"",",BANRISUL S/A,,
BRSR5,"""BRSR5"",",BANRISUL S/A,,
BRSR6,"""BRSR6"",",BANRISUL S/A,,
BRTP3,"""BRTP3"",",BRASIL TELECOM PARTICIPAÇÕES S.A.,,
BRTP4,"""BRTP4"",",BRASIL TELECOM PARTICIPAÇÕES S.A.,,
BSCT3,"""BSCT3"",",BESC S.A.,,
BSCT5,"""BSCT5"",",BESC S.A.,,
BSCT6,"""BSCT6"",",BESC S.A.,,
BSEV3,"""BSEV3"",",BIOSEV,,
BSGR3,"""BSGR3"",",AGF BRASIL SEGUROS,,
BSLI3,"""BSLI3"",",BRB,,
BSLI4,"""BSLI4"",",BRB,,
BTTL3,"""BTTL3"",",EMBPAR S/A,,
BUET3,"""BUET3"",",BUETTNER S/A - INDUSTRIA E COMERCIO,,
BUET4,"""BUET4"",",BUETTNER S/A - INDUSTRIA E COMERCIO,,
CAFE3,"""CAFE3"",",CAFE SOLUVEL BRASILIA S/A,,
CAFE4,"""CAFE4"",",CAFE SOLUVEL BRASILIA S/A,,
CALI3,"""CALI3"",",CAL S/A,,
CALI4,"""CALI4"",",CAL S/A,,
CAMB3,"""CAMB3"",",PENALTY,,
CAMB4,"""CAMB4"",",PENALTY,,
CAML3,"""CAML3"",",CAMIL,,
CARD3,"""CARD3"",",CSU CARDSYST,,
CASH3,"""CASH3"",",MELIUZ,,
CASN3,"""CASN3"",",CASAN,,
CBAV3,"""CBAV3"",",CBA,,
CBEE3,"""CBEE3"",",AMPLA ENERG,,
CBMA3,"""CBMA3"",",COBRASMA S/A,,
CBMA4,"""CBMA4"",",COBRASMA S/A,,
CCHI3,"""CCHI3"",",CHIARELLI,,
CCHI4,"""CCHI4"",",CHIARELLI,,
CCIM3,"""CCIM3"",",CC DES IMOB,,
CCRO3,"""CCRO3"",",COMPANHIA DE CONCESSÕES RODOVIÁRIAS,,
CCTU4,"""CCTU4"",",COMPANHIA BRASILEIRA DE CARTUCHOS - CBC,,
CCXC3,"""CCXC3"",",CCX CARVAO,,
CEAB3,"""CEAB3"",",CEA MODAS,,
CEBR3,"""CEBR3"",",CEB - COMPANHIA ENERGÉTICA DE BRASÍLIA,,
CEBR5,"""CEBR5"",",CEB - COMPANHIA ENERGÉTICA DE BRASÍLIA,,
CEBR6,"""CEBR6"",",CEB - COMPANHIA ENERGÉTICA DE BRASÍLIA,,
CEDO3,"""CEDO3"",",CIA. DE FIAÇÃO E TECIDOS CEDRO CACHOEIRA,,
CEDO4,"""CEDO4"",",CIA. DE FIAÇÃO E TECIDOS CEDRO CACHOEIRA,,
CEEB3,"""CEEB3"",",COELBA,,
CEEB5,"""CEEB5"",",COELBA,,
CEED3,"""CEED3"",",CEEE-D,,
CEED4,"""CEED4"",",CEEE-D,,
CEGR3,"""CEGR3"",",CEG,,
CELM3,"""CELM3"",",CELM CIA EQUIP. DE LABORATORIOS MODERNOS,,
CEPE3,"""CEPE3"",",CELPE,,
CEPE5,"""CEPE5"",",CELPE,,
CEPE6,"""CEPE6"",",CELPE,,
CESP3,"""CESP3"",",CESP CIA ENERGETICA SAO PAULO,,
CESP4,"""CESP4"",",CESP CIA ENERGETICA SAO PAULO,,
CESP5,"""CESP5"",",CESP CIA ENERGETICA SAO PAULO,,
CESP6,"""CESP6"",",CESP CIA ENERGETICA SAO PAULO,,
CFLU4,"""CFLU4"",",COCA COLA,,
CGAS3,"""CGAS3"",",COMPANHIA DE GÁS DE SÃO PAULO - COMGÁS,,
CGAS5,"""CGAS5"",",COMPANHIA DE GÁS DE SÃO PAULO - COMGÁS,,
CGOS3,"""CGOS3"",",CELG,,
CGOS4,"""CGOS4"",",CELG,,
CGRA3,"""CGRA3"",",GRAZZIOTIN,,
CGRA4,"""CGRA4"",",GRAZZIOTIN,,
CIEL3,"""CIEL3"",",CIELO,,
CIQU3,"""CIQU3"",",CACIQUE,,
CIQU4,"""CIQU4"",",CACIQUE,,
CLAN3,"""CLAN3"",",CLARION,,
CLAN4,"""CLAN4"",",CLARION,,
CLSA3,"""CLSA3"",",CLEARSALE,,
CLSC3,"""CLSC3"",",CELESC,,
CLSC4,"""CLSC4"",",CELESC,,
CLSC5,"""CLSC5"",",CELESC,,
CLSC6,"""CLSC6"",",CELESC,,
CMET4,"""CMET4"",",CAEMI,,
CMIG3,"""CMIG3"",",CEMIG,,
CMIG4,"""CMIG4"",",CEMIG,,
CMIN3,"""CMIN3"",",CSNMINERACAO,,
CMMA4,"""CMMA4"",",CMA PARTICIPACOES SA,,
CNFB4,"""CNFB4"",",CONFAB,,
COCE3,"""COCE3"",",CIA ENERG CEARA - COELCE,,
COCE5,"""COCE5"",",CIA ENERG CEARA - COELCE,,
COCE6,"""COCE6"",",CIA ENERG CEARA - COELCE,,
COGN3,"""COGN3"",",COGNA,,
CORR3,"""CORR3"",",CORREA RIBEIRO SA COM. IND.,,
CORR4,"""CORR4"",",CORREA RIBEIRO SA COM. IND.,,
CPFE3,"""CPFE3"",",CPFL ENERGIA S.A.,,
CPFG3,"""CPFG3"",",CPFL GERAÇÂO DE ENERGIA S/A,,
CPFG4,"""CPFG4"",",CPFL GERAÇÂO DE ENERGIA S/A,,
CPFP4,"""CPFP4"",",CPFL - PIRATININGA,,
CPLE11,"""CPLE11"",",COPEL,,
CPLE3,"""CPLE3"",",COPEL,,
CPLE5,"""CPLE5"",",COPEL,,
CPLE6,"""CPLE6"",",COPEL,,
CPNY3,"""CPNY3"",",COMPANY S/A,,
CPRE3,"""CPRE3"",",CPFL RENOVAV,,
CPSL3,"""CPSL3"",",COPESUL,,
CRBM3,"""CRBM3"",",CARAÍBA METAIS S.A,,
CRBM7,"""CRBM7"",",CARAÍBA METAIS S.A,,
CRDE3,"""CRDE3"",",CR2,,
CREM3,"""CREM3"",",CREMER S.A.,,
CREM4,"""CREM4"",",CREMER S.A.,,
CRFB3,"""CRFB3"",",CARREFOUR BR,,
CRIV3,"""CRIV3"",",ALFA FINANCEIRA,,
CRIV4,"""CRIV4"",",ALFA FINANCEIRA,,
CRPG3,"""CRPG3"",",CRISTAL,,
CRPG5,"""CRPG5"",",CRISTAL,,
CRPG6,"""CRPG6"",",CRISTAL,,
CRTP3,"""CRTP3"",",CELULAR CRT PARTICIPAÇÕES S/A,,
CRTP5,"""CRTP5"",",CELULAR CRT PARTICIPAÇÕES S/A,,
CRUZ3,"""CRUZ3"",",SOUZA CRUZ,,
CSAB3,"""CSAB3"",",COMPANHIA DE SEGUROS ALIANÇA DA BAHIA,,
CSAB4,"""CSAB4"",",COMPANHIA DE SEGUROS ALIANÇA DA BAHIA,,
CSAN3,"""CSAN3"",",COSAN SA INDUSTRIA E COMERCIO,,
CSED3,"""CSED3"",",CRUZEIRO EDU,,
CSMG3,"""CSMG3"",",COPASA MG,,
CSNA3,"""CSNA3"",",CSN,,
CSPC3,"""CSPC3"",",COSIPA,,
CSPC4,"""CSPC4"",",COSIPA,,
CSRN3,"""CSRN3"",",COSERN,,
CSRN5,"""CSRN5"",",COSERN,,
CSRN6,"""CSRN6"",",COSERN,,
CSTB3,"""CSTB3"",",COMPANHIA SIDERÚRGICA DE TUBARÃO,,
CSTB4,"""CSTB4"",",COMPANHIA SIDERÚRGICA DE TUBARÃO,,
CTIP3,"""CTIP3"",",CETIP,,
CTKA3,"""CTKA3"",",KARSTEN,,
CTKA4,"""CTKA4"",",KARSTEN,,
CTNM3,"""CTNM3"",",COTEMINAS,,
CTNM4,"""CTNM4"",",COTEMINAS,,
CTPC3,"""CTPC3"",",CTM CITRUS SA,,
CTPC4,"""CTPC4"",",CTM CITRUS SA,,
CTSA3,"""CTSA3"",",SANTANENSE,,
CTSA4,"""CTSA4"",",SANTANENSE,,
CTSA8,"""CTSA8"",",SANTANENSE,,
CTWR3,"""CTWR3"",",BLUE TREE HOTELS,,
CURY3,"""CURY3"",",CURY S/A,,
CVCB3,"""CVCB3"",",CVC BRASIL,,
CXSE3,"""CXSE3"",",CAIXA SEGURI,,
CYRE3,"""CYRE3"",",CYRELA BRAZIL REALTY,,
CYRE4,"""CYRE4"",",CYRELA BRAZIL REALTY,,
CZLT33,"""CZLT33"",",Cosan Ltd,,
CZRS3,"""CZRS3"",",Cruzeiro Sul,,
CZRS4,"""CZRS4"",",Cruzeiro Sul,,
DAGB33,"""DAGB33"",",DUFRY AG,,
DASA3,"""DASA3"",",DIAGNOSTICOS DA AMERICA SA,,
DAYC3,"""DAYC3"",",Daycoval,,
DAYC4,"""DAYC4"",",Daycoval,,
DESK3,"""DESK3"",",DESKTOPSIGMA,,
DEXP3,"""DEXP3"",",DEXXOS PAR,,
DEXP4,"""DEXP4"",",DEXXOS PAR,,
DFVA3,"""DFVA3"",",D F VASCONCELLOS S/A O.M.A.P.,,
DFVA4,"""DFVA4"",",D F VASCONCELLOS S/A O.M.A.P.,,
DHBI3,"""DHBI3"",",DHB,,
DHBI4,"""DHBI4"",",DHB,,
DIRR3,"""DIRR3"",",Direcional Engenharia,,
DJON4,"""DJON4"",",DIJON S/A,,
DMMO3,"""DMMO3"",",DOMMO,,
DMVF3,"""DMVF3"",",D1000VFARMA,,
DOCA3,"""DOCA3"",",DOCAS S.A.,,
DOCA4,"""DOCA4"",",DOCAS S.A.,,
DOHL3,"""DOHL3"",",DOHLER,,
DOHL4,"""DOHL4"",",DOHLER,,
DOTZ3,"""DOTZ3"",",DOTZ SA,,
DPPI3,"""DPPI3"",",IPIRANGA DISTRIBUIDORA,,
DPPI4,"""DPPI4"",",IPIRANGA DISTRIBUIDORA,,
DSUL3,"""DSUL3"",",DATASUL,,
DTCY3,"""DTCY3"",",DTCOM,,
DUFB11,"""DUFB11"",",DUFRY SOUTH AMERICA LTD.,,
DUQE3,"""DUQE3"",",METALURGICA DUQUE SA,,
DUQE4,"""DUQE4"",",METALURGICA DUQUE SA,,
DURA3,"""DURA3"",",DURATEX,,
DURA4,"""DURA4"",",DURATEX,,
DXCO3,"""DXCO3"",",DEXCO,,
DXTG4,"""DXTG4"",",DIXIE TOGA,,
EALT3,"""EALT3"",",ELECTRO AÇO ALTONA S/A,,
EALT4,"""EALT4"",",ELECTRO AÇO ALTONA S/A,,
EBCO3,"""EBCO3"",",EMBRACO,,
EBCO4,"""EBCO4"",",EMBRACO,,
EBEN4,"""EBEN4"",",BANDEIRANTE,,
EBTP3,"""EBTP3"",",EMBRATEL PARTICIPAÇÕES SA,,
EBTP4,"""EBTP4"",",EMBRATEL PARTICIPAÇÕES SA,,
ECIS3,"""ECIS3"",",ECISA,,
ECIS4,"""ECIS4"",",ECISA,,
ECOR3,"""ECOR3"",",ECORODOVIAS,,
ECPR3,"""ECPR3"",",ENCORPAR,,
ECPR4,"""ECPR4"",",ENCORPAR,,
EEEL3,"""EEEL3"",",CEEE,,
EEEL4,"""EEEL4"",",CEEE,,
EGIE3,"""EGIE3"",",ENGIE BRASIL,,
EKTR3,"""EKTR3"",",ELEKTRO ELETRICIDADE E SERVIÇOS S.A.,,
EKTR4,"""EKTR4"",",ELEKTRO ELETRICIDADE E SERVIÇOS S.A.,,
ELCA3,"""ELCA3"",",REDE EMPRESAS DE ENERGIA ELÉTRICA S.A.,,
ELCA4,"""ELCA4"",",REDE EMPRESAS DE ENERGIA ELÉTRICA S.A.,,
ELEK3,"""ELEK3"",",ELEKEIROZ S/A,,
ELEK4,"""ELEK4"",",ELEKEIROZ S/A,,
ELET3,"""ELET3"",",ELETROBRÁS,,
ELET5,"""ELET5"",",ELETROBRÁS,,
ELET6,"""ELET6"",",ELETROBRÁS,,
ELEV3,"""ELEV3"",",ELEVA,,
ELMD3,"""ELMD3"",",ELETROMIDIA,,
ELPL3,"""ELPL3"",",AES ELETROPAULO,,
ELPL4,"""ELPL4"",",AES ELETROPAULO,,
ELPL5,"""ELPL5"",",AES ELETROPAULO,,
ELPL6,"""ELPL6"",",AES ELETROPAULO,,
ELUM3,"""ELUM3"",",ELUMA,,
ELUM4,"""ELUM4"",",ELUMA,,
EMAE4,"""EMAE4"",",EMAE,,
EMBR3,"""EMBR3"",",EMBRAER,,
ENAT3,"""ENAT3"",",ENAUTA PART,,
ENBR3,"""ENBR3"",",EDP ENERGIAS DO BRASIL S/A,,
ENER3,"""ENER3"",",ENERSUL,,
ENER5,"""ENER5"",",ENERSUL,,
ENER6,"""ENER6"",",ENERSUL,,
ENEV3,"""ENEV3"",",ENEVA,,
ENGI11,"""ENGI11"",",ENERGISA,,
ENGI3,"""ENGI3"",",ENERGISA,,
ENGI4,"""ENGI4"",",ENERGISA,,
ENJU3,"""ENJU3"",",ENJOEI,,
ENMT3,"""ENMT3"",",ENERGISA MT,,
ENMT4,"""ENMT4"",",ENERGISA MT,,
EPAR3,"""EPAR3"",",EMBPAR S/A,,
EPAR4,"""EPAR4"",",EMBPAR S/A,,
EQMA3B,"""EQMA3B"",",CEMAR,,
EQMA5B,"""EQMA5B"",",CEMAR,,
EQMA6B,"""EQMA6B"",",CEMAR,,
EQPA3,"""EQPA3"",",EQTL PARA,,
EQPA5,"""EQPA5"",",EQTL PARA,,
EQPA6,"""EQPA6"",",EQTL PARA,,
EQPA7,"""EQPA7"",",EQTL PARA,,
EQTL3,"""EQTL3"",",EQUATORIAL ENERGIA S.A.,,
ESCE3,"""ESCE3"",",ESCELSA,,
ESPA3,"""ESPA3"",",ESPACOLASER,,
ESTC11,"""ESTC11"",",YDUQS PART,,
ESTC4,"""ESTC4"",",YDUQS PART,,
ESTR3,"""ESTR3"",",ESTRELA,,
ESTR4,"""ESTR4"",",ESTRELA,,
ETER3,"""ETER3"",",ETERNIT,,
ETER4,"""ETER4"",",ETERNIT,,
EUCA3,"""EUCA3"",",EUCATEX,,
EUCA4,"""EUCA4"",",EUCATEX,,
EVEN3,"""EVEN3"",",Even,,
EZTC3,"""EZTC3"",",EZTec,,
FBMC3,"""FBMC3"",",FIBAM,,
FBMC4,"""FBMC4"",",FIBAM,,
FBRA4,"""FBRA4"",",FERTIBRÁS S/A,,
FCAP3,"""FCAP3"",",FICAP,,
FCAP4,"""FCAP4"",",FICAP,,
FESA3,"""FESA3"",",FERBASA,,
FESA4,"""FESA4"",",FERBASA,,
FFTL3,"""FFTL3"",",FOSFERTIL,,
FFTL4,"""FFTL4"",",FOSFERTIL,,
FGUI3,"""FGUI3"",",FERREIRA GUIMARAES,,
FGUI4,"""FGUI4"",",FERREIRA GUIMARAES,,
FHER3,"""FHER3"",",Fer Heringer,,
FIBR3,"""FIBR3"",",Fibria,,
FIGE3,"""FIGE3"",",INVESTIMENTOS BEMGE,,
FIGE4,"""FIGE4"",",INVESTIMENTOS BEMGE,,
FIQE3,"""FIQE3"",",UNIFIQUE,,
FLCL3,"""FLCL3"",",CATAG LEOPOLDINA,,
FLCL5,"""FLCL5"",",CATAG LEOPOLDINA,,
FLCL6,"""FLCL6"",",CATAG LEOPOLDINA,,
FLRY3,"""FLRY3"",",FLEURY,,
FRAS3,"""FRAS3"",",FRAS-LE S.A.,,
FRAS4,"""FRAS4"",",FRAS-LE S.A.,,
FRIO3,"""FRIO3"",",Metalfrio,,
FRTA3,"""FRTA3"",",POMIFRUTAS,,
FTRX3,"""FTRX3"",",FAB TECIDOS C RENAUX,,
FTRX4,"""FTRX4"",",FAB TECIDOS C RENAUX,,
GAFP3,"""GAFP3"",",CIMOB,,
GAFP4,"""GAFP4"",",CIMOB,,
GALO3,"""GALO3"",",EMEEGE ESCAPAMENTOS,,
GALO4,"""GALO4"",",EMEEGE ESCAPAMENTOS,,
GAZO3,"""GAZO3"",",GAZOLA SA INDÚSTRIA METALURGICA,,
GAZO4,"""GAZO4"",",GAZOLA SA INDÚSTRIA METALURGICA,,
GBIO33,"""GBIO33"",",BIOTOSCANA,,
GEPA3,"""GEPA3"",","DUKE ENERGY INT,GERAÇÃO PARANAPANEMA SA",,
GEPA4,"""GEPA4"",","DUKE ENERGY INT,GERAÇÃO PARANAPANEMA SA",,
GETI3,"""GETI3"",",AES TIETE SA,,
GETI4,"""GETI4"",",AES TIETE SA,,
GETT3,"""GETT3"",",GETNET BR,,
GETT4,"""GETT4"",",GETNET BR,,
GFSA3,"""GFSA3"",",GAFISA,,
GGBR3,"""GGBR3"",",GERDAU S.A.,,
GGBR4,"""GGBR4"",",GERDAU S.A.,,
GGPS3,"""GGPS3"",",GPS,,
GLOB4,"""GLOB4"",",VIA,,
GMAT3,"""GMAT3"",",GRUPO MATEUS,,
GNDI3,"""GNDI3"",",INTERMEDICA,,
GOAU3,"""GOAU3"",",METALÚRGICA GERDAU,,
GOAU4,"""GOAU4"",",METALÚRGICA GERDAU,,
GOLL4,"""GOLL4"",",GOL LINHAS AEREAS INTELIGENTES SA,,
GPAR3,"""GPAR3"",",CELGPAR,,
GPIV33,"""GPIV33"",","GP INVESTMENTS, LTD",,
GRND3,"""GRND3"",",GRENDENE SA,,
GRNL4,"""GRNL4"",",GRANÓLEO S/A,,
GSHP3,"""GSHP3"",",Generalshopp,,
GUAR3,"""GUAR3"",",GUARARAPES CONFECÇÕES,,
GUAR4,"""GUAR4"",",GUARARAPES CONFECÇÕES,,
GVTT3,"""GVTT3"",",GVT HOLDING,,
HAGA3,"""HAGA3"",",HAGA,,
HAGA4,"""HAGA4"",",HAGA,,
HAPV3,"""HAPV3"",",HAPVIDA,,
HBOR3,"""HBOR3"",",Helbor,,
HBRE3,"""HBRE3"",",HBR REALTY,,
HBSA3,"""HBSA3"",",HIDROVIAS,,
HBTS5,"""HBTS5"",",CIA HABITASUL,,
HETA3,"""HETA3"",",HERCULES S/A,,
HETA4,"""HETA4"",",HERCULES S/A,,
HGTX3,"""HGTX3"",",CIA HERING,,
HGTX4,"""HGTX4"",",CIA HERING,,
HOOT4,"""HOOT4"",",HOTEIS OTHON S.A.,,
HYPE3,"""HYPE3"",",HYPERA,,
ICPI3,"""ICPI3"",",CIMENTO ITAU CORUMBA,,
IDVL11,"""IDVL11"",",Indusval,,
IDVL3,"""IDVL3"",",Indusval,,
IDVL4,"""IDVL4"",",Indusval,,
IENG3,"""IENG3"",",INEPAR ENERGIA,,
IENG5,"""IENG5"",",INEPAR ENERGIA,,
IFCM3,"""IFCM3"",",INFRACOMM,,
IGBR3,"""IGBR3"",",GRADIENTE,,
IGBR5,"""IGBR5"",",GRADIENTE,,
IGBR6,"""IGBR6"",",GRADIENTE,,
IGTA3,"""IGTA3"",",IGUATEMI,,
IGTI11,"""IGTI11"",",IGUATEMI S.A,,
IGTI3,"""IGTI3"",",IGUATEMI S.A,,
IGUA3,"""IGUA3"",",CIA. IGUAÇU DE CAFÉ SOLÚVEL,,
IGUA5,"""IGUA5"",",CIA. IGUAÇU DE CAFÉ SOLÚVEL,,
IGUA6,"""IGUA6"",",CIA. IGUAÇU DE CAFÉ SOLÚVEL,,
ILLS4,"""ILLS4"",",LINHAS CIRCULO,,
ILMD3,"""ILMD3"",",YARA BRASIL FERTILIZANTES S.A.,,
ILMD4,"""ILMD4"",",YARA BRASIL FERTILIZANTES S.A.,,
IMBI3,"""IMBI3"",",COMPANHIA DOCAS DE IMBITUBA,,
IMBI4,"""IMBI4"",",COMPANHIA DOCAS DE IMBITUBA,,
IMCH3,"""IMCH3"",",IMC HOLDINGS,,
INEP3,"""INEP3"",",INEPAR S/A,,
INEP4,"""INEP4"",",INEPAR S/A,,
INHA3,"""INHA3"",",GAFISA,,
INTB3,"""INTB3"",",INTELBRAS,,
IRBR3,"""IRBR3"",",IRBBRASIL RE,,
ITEC3,"""ITEC3"",",ITAUTEC PHILCO SA - GRUPO ITAUTEC PHILCO,,
ITSA3,"""ITSA3"",",ITAÚSA,,
ITSA4,"""ITSA4"",",ITAÚSA,,
ITUB3,"""ITUB3"",",ITAUUNIBANCO,,
ITUB4,"""ITUB4"",",ITAUUNIBANCO,,
IVTT3,"""IVTT3"",",BHG,,
JALL3,"""JALL3"",",JALLESMACHAD,,
JBDU3,"""JBDU3"",",B TECH EQI,,
JBSS3,"""JBSS3"",",JBS,,
JFAB4,"""JFAB4"",",JARAGUA FABRIL,,
JFEN3,"""JFEN3"",",JOÃO FORTES ENGENHARIA S.A.,,
JHSF3,"""JHSF3"",",JHSF Part,,
JOPA3,"""JOPA3"",",JOSAPAR S/A,,
JOPA4,"""JOPA4"",",JOSAPAR S/A,,
JPSA3,"""JPSA3"",",IGUATEMI S.A,,
JSLG3,"""JSLG3"",",JULIO SIMOES,,
KEPL3,"""KEPL3"",",KEPLER WEBER SA,,
KLBN11,"""KLBN11"",",KLABIN,,
KLBN3,"""KLBN3"",",KLABIN,,
KLBN4,"""KLBN4"",",KLABIN,,
KROT11,"""KROT11"",",COGNA,,
KROT4,"""KROT4"",",COGNA,,
KRSA3,"""KRSA3"",",KORA SAUDE,,
KSSA3,"""KSSA3"",",KLABINSEGALL,,
LAME3,"""LAME3"",",LOJAS AMERICANAS S.A.,,
LAME4,"""LAME4"",",LOJAS AMERICANAS S.A.,,
LAND3,"""LAND3"",",TERRASANTAPA,,
LATM11,"""LATM11"",",LATAM AIRLN,,
LATS3,"""LATS3"",",REXAM BEVERAGE CAN SOUTH AMERICA,,
LAVV3,"""LAVV3"",",LAVVI,,
LCAM3,"""LCAM3"",",LOCAMERICA,,
LCSA3,"""LCSA3"",",NÃO CONSTA,,
LCSA4,"""LCSA4"",",NÃO CONSTA,,
LECO3,"""LECO3"",",LECO,,
LECO4,"""LECO4"",",LECO,,
LETO3,"""LETO3"",",MITTO,,
LETO5,"""LETO5"",",MITTO,,
LEVE3,"""LEVE3"",",MAHLE METAL LEVE,,
LEVE4,"""LEVE4"",",MAHLE METAL LEVE,,
LFFE3,"""LFFE3"",",LA FONTE TELECOM S/A,,
LFFE4,"""LFFE4"",",LA FONTE TELECOM S/A,,
LGLO4,"""LGLO4"",",LIVRARIA DO GLOBO S/A,,
LIGH3,"""LIGH3"",",LIGHT,,
LIGT3,"""LIGT3"",",LIGHT SA,,
LINX3,"""LINX3"",",LINX,,
LIPR3,"""LIPR3"",",LIGHTPAR,,
LIXC3,"""LIXC3"",",LIX DA CUNHA,,
LIXC4,"""LIXC4"",",LIX DA CUNHA,,
LJQQ3,"""LJQQ3"",",QUERO-QUERO,,
LLIS3,"""LLIS3"",",LE LIS BLANC DEUX,,
LOGG3,"""LOGG3"",",LOG COM PROP,,
LOGN3,"""LOGN3"",",Log-In,,
LPSB3,"""LPSB3"",",LOPES BRASIL,,
LREN3,"""LREN3"",",RENNER,,
LREN4,"""LREN4"",",RENNER,,
LUPA3,"""LUPA3"",",LUPATECH,,
LUXM3,"""LUXM3"",",TREVISA INVESTIMENTOS SA,,
LUXM4,"""LUXM4"",",TREVISA INVESTIMENTOS SA,,
LVTC3,"""LVTC3"",",WDC NETWORKS,,
LWSA3,"""LWSA3"",",LOCAWEB,,
MAGG3,"""MAGG3"",",MAGNESITA REFRATÁRIOS,,
MAGS3,"""MAGS3"",",MAGNESITA S/A,,
MAPT3,"""MAPT3"",",CIA MARCOPOLO,,
MAPT4,"""MAPT4"",",CIA MARCOPOLO,,
MARI3,"""MARI3"",",Marisa,,
MATD3,"""MATD3"",",MATER DEI,,
MBLY3,"""MBLY3"",",MOBLY,,
MDIA3,"""MDIA3"",",M.DIASBRANCO,,
MDNE3,"""MDNE3"",",MOURA DUBEUX,,
MEAL3,"""MEAL3"",",IMC S/A,,
MEDI3,"""MEDI3"",",MEDIAL SAUDE,,
MELK3,"""MELK3"",",MELNICK,,
MEND5,"""MEND5"",",MENDES JUNIOR ENGENHARIA S/A,,
MEND6,"""MEND6"",",MENDES JUNIOR ENGENHARIA S/A,,
MERC3,"""MERC3"",",MERCANTIL BRASIL,,
MERC4,"""MERC4"",",MERCANTIL BRASIL,,
MGEL3,"""MGEL3"",",MANGELS,,
MGEL4,"""MGEL4"",",MANGELS,,
MGLU3,"""MGLU3"",",MAGAZ LUIZA,,
MILK33,"""MILK33"",",Laep DR3,,
MILS3,"""MILS3"",",MILLS,,
MLAS3,"""MLAS3"",",MULTILASER,,
MLFT4,"""MLFT4"",",IGUATEMI S.A,,
MLPA12,"""MLPA12"",",MELHORAMENTOS PAPEIS,,
MLPA3,"""MLPA3"",",MELHORAMENTOS PAPEIS,,
MLPA4,"""MLPA4"",",MELHORAMENTOS PAPEIS,,
MMAQ3,"""MMAQ3"",",MINASMÁQUINAS S/A,,
MMAQ4,"""MMAQ4"",",MINASMÁQUINAS S/A,,
MMXM3,"""MMXM3"",",MMX MINER,,
MNDL3,"""MNDL3"",",MUNDIAL S/A,,
MNDL4,"""MNDL4"",",MUNDIAL S/A,,
MNPR3,"""MNPR3"",",MINUPAR,,
MNPR4,"""MNPR4"",",MINUPAR,,
MNSA3,"""MNSA3"",",MANASA,,
MNSA4,"""MNSA4"",",MANASA,,
MOAR3,"""MOAR3"",",MONTEIRO ARANHA,,
MODL11,"""MODL11"",",MODALMAIS,,
MODL3,"""MODL3"",",MODALMAIS,,
MODL4,"""MODL4"",",MODALMAIS,,
MOSI3,"""MOSI3"",",MOSAICO SA,,
MOVI3,"""MOVI3"",",MOVIDA,,
MPLU3,"""MPLU3"",",MULTIPLUS,,
MRFG3,"""MRFG3"",",Marfrig,,
MRSA3B,"""MRSA3B"",",MRS LOGÍSTICA S/A,,
MRSA5B,"""MRSA5B"",",MRS LOGÍSTICA S/A,,
MRSA6B,"""MRSA6B"",",MRS LOGÍSTICA S/A,,
MRSL3,"""MRSL3"",",MARISOL,,
MRSL4,"""MRSL4"",",MARISOL,,
MRVE3,"""MRVE3"",",MRV,,
MSAN3,"""MSAN3"",",BUNGE BRASIL S.A.,,
MSAN4,"""MSAN4"",",BUNGE BRASIL S.A.,,
MSPA3,"""MSPA3"",",MELHORAMENTOS,,
MSPA4,"""MSPA4"",",MELHORAMENTOS,,
MTBR3,"""MTBR3"",",WHIRLPOOL S.A.,,
MTBR4,"""MTBR4"",",WHIRLPOOL S.A.,,
MTIG3,"""MTIG3"",",IGUAÇU,,
MTIG4,"""MTIG4"",",IGUAÇU,,
MTRE3,"""MTRE3"",",MITRE REALTY,,
MTSA4,"""MTSA4"",",METISA,,
MULT3,"""MULT3"",",Multiplan,,
MWET3,"""MWET3"",",WETZEL S.A.,,
MWET4,"""MWET4"",",WETZEL S.A.,,
MYPK3,"""MYPK3"",",IOCHPE-MAXION,,
MYPK4,"""MYPK4"",",IOCHPE-MAXION,,
NAFG3,"""NAFG3"",",NADIR FIGUEIREDO,,
NAFG4,"""NAFG4"",",NADIR FIGUEIREDO,,
NATU3,"""NATU3"",",NATURA COSMETICOS SA,,
NEOE3,"""NEOE3"",",NEOENERGIA,,
NETC3,"""NETC3"",",NET SERVIÇOS DE COMUNICAÇÃO S.A.,,
NETC4,"""NETC4"",",NET SERVIÇOS DE COMUNICAÇÃO S.A.,,
NGRD3,"""NGRD3"",",NEOGRID,,
NINJ3,"""NINJ3"",",GETNINJAS,,
NORD3,"""NORD3"",",NORDON INDS METALURGICAS SA,,
NTCO3,"""NTCO3"",",GRUPO NATURA,,
NUTR3,"""NUTR3"",",NUTRIPLANT,,
ODER3,"""ODER3"",",CONSERVAS ODERICH SA,,
ODER4,"""ODER4"",",CONSERVAS ODERICH SA,,
ODPV3,"""ODPV3"",",ODONTOPREV,,
OFSA3,"""OFSA3"",",OUROFINO S/A,,
OGXP3,"""OGXP3"",",OGX,,
OIBR3,"""OIBR3"",",OI,,
OIBR4,"""OIBR4"",",OI,,
OMGE3,"""OMGE3"",",OMEGA GER,,
ONCO3,"""ONCO3"",",ONCOCLINICAS,,
OPCT3,"""OPCT3"",",OCEANPACT,,
ORVR3,"""ORVR3"",",ORIZON,,
OSAO4,"""OSAO4"",",PLASCAR PARTICIPAÇÕES INDUSTRIAIS S.A,,
OSXB3,"""OSXB3"",",OSX BRASIL,,
PALF11,"""PALF11"",",CPFL,,
PALF3,"""PALF3"",",CPFL,,
PALF5,"""PALF5"",",CPFL,,
PARD3,"""PARD3"",",IHPARDINI,,
PATI3,"""PATI3"",",PANATLANTICA,,
PATI4,"""PATI4"",",PANATLANTICA,,
PCAR3,"""PCAR3"",",PÃO DE AÇÚCAR,,
PCAR4,"""PCAR4"",",PÃO DE AÇÚCAR,,
PCAR5,"""PCAR5"",",PÃO DE AÇÚCAR,,
PDGR3,"""PDGR3"",",PDG REALT,,
PDTC3,"""PDTC3"",",PADTEC,,
PEAB3,"""PEAB3"",",CIA. DE PARTICIPAÇÕES ALIANÇA DA BAHIA,,
PEAB4,"""PEAB4"",",CIA. DE PARTICIPAÇÕES ALIANÇA DA BAHIA,,
PEFX3,"""PEFX3"",",PETROFLEX INDÚSTRIA E COMÉRCIO S.A,,
PEFX5,"""PEFX5"",",PETROFLEX INDÚSTRIA E COMÉRCIO S.A,,
PETR3,"""PETR3"",",PETROBRAS,,
PETR4,"""PETR4"",",PETROBRAS,,
PETZ3,"""PETZ3"",",PETZ,,
PFRM3,"""PFRM3"",",PROFARMA,,
PGMN3,"""PGMN3"",",PAGUE MENOS,,
PINE3,"""PINE3"",",Pine,,
PINE4,"""PINE4"",",Pine,,
PITI4,"""PITI4"",","AV. DR CHUCRI ZAIDAN, 920 - 16§ ANDAR",,
PLAS3,"""PLAS3"",",PLASCAR PARTICIPAÇÕES INDUSTRIAIS S.A,,
PLDN4,"""PLDN4"",",POLIALDEN,,
PLIM4,"""PLIM4"",",NET SERVIÇOS DE COMUNICAÇÃO S.A.,,
PLPL3,"""PLPL3"",",PLANOEPLANO,,
PLTO5,"""PLTO5"",",POLITENO IND E COMERCIO S.A.,,
PLTO6,"""PLTO6"",",POLITENO IND E COMERCIO S.A.,,
PMAM3,"""PMAM3"",",PARANAPANEMA S.A.,,
PMAM4,"""PMAM4"",",PARANAPANEMA S.A.,,
PMET3,"""PMET3"",",PRO METALURG,,
PMET5,"""PMET5"",",PRO METALURG,,
PMET6,"""PMET6"",",PRO METALURG,,
PNOR5,"""PNOR5"",",PRONOR,,
PNOR6,"""PNOR6"",",PRONOR,,
PNVL3,"""PNVL3"",",PANVEL FARMÁCIAS,,
PNVL4,"""PNVL4"",",PANVEL FARMÁCIAS,,
POMO3,"""POMO3"",",MARCOPOLO,,
POMO4,"""POMO4"",",MARCOPOLO,,
POPR4,"""POPR4"",",POLIPROPILENO S.A.,,
PORP4,"""PORP4"",",POLIPROPILENO PARTICIPAÇÕES S.A.,,
PORT3,"""PORT3"",",WILSON SONS,,
POSI3,"""POSI3"",",POSITIVO INF,,
POWE3,"""POWE3"",",FOCUS ON,,
PQUN3,"""PQUN3"",",PETROQUIMICA UNIAO S.A.,,
PQUN4,"""PQUN4"",",PETROQUIMICA UNIAO S.A.,,
PRBC3,"""PRBC3"",",Parana,,
PRBC4,"""PRBC4"",",Parana,,
PRGA4,"""PRGA4"",",BRF Foods,,
PRIO3,"""PRIO3"",",PETRORIO,,
PRML3,"""PRML3"",",PRUMO,,
PRNR3,"""PRNR3"",",PRINER,,
PRTX3,"""PRTX3"",",PORTX,,
PRVI3,"""PRVI3"",",Providencia,,
PSSA3,"""PSSA3"",",PORTO SEGURO SA,,
PTBL3,"""PTBL3"",",PORTOBELLO S/A,,
PTBL4,"""PTBL4"",",PORTOBELLO S/A,,
PTIP3,"""PTIP3"",",IPIRANGA PETROQUIMICA SA,,
PTIP4,"""PTIP4"",",IPIRANGA PETROQUIMICA SA,,
PTNT3,"""PTNT3"",",PETTENATI,,
PTNT4,"""PTNT4"",",PETTENATI,,
PTPA3,"""PTPA3"",",PETROPAR SA,,
PTPA4,"""PTPA4"",",PETROPAR SA,,
PTQS4,"""PTQS4"",",PETROQUISA,,
QUAL3,"""QUAL3"",",QUALICORP,,
RADL3,"""RADL3"",",RAIADROGASIL,,
RAIA3,"""RAIA3"",",RAIA,,
RAIL3,"""RAIL3"",",RUMO S.A.,,
RAIZ4,"""RAIZ4"",",RAIZEN,,
RANI3,"""RANI3"",",CELULOSE IRANI,,
RANI4,"""RANI4"",",CELULOSE IRANI,,
RAPT3,"""RAPT3"",",RANDON S.A. IMPLEMENTOS E PARTICIPAÇÕES,,
RAPT4,"""RAPT4"",",RANDON S.A. IMPLEMENTOS E PARTICIPAÇÕES,,
RCSL3,"""RCSL3"",",RECRUSUL,,
RCSL4,"""RCSL4"",",RECRUSUL,,
RCTB31,"""RCTB31"",",TELEBRAS,,
RCTB33,"""RCTB33"",",TELEBRAS,,
RCTB41,"""RCTB41"",",TELEBRAS,,
RCTB42,"""RCTB42"",",TELEBRAS,,
RDCD3,"""RDCD3"",",Redecard,,
RDNI3,"""RDNI3"",",RNI,,
RDOR3,"""RDOR3"",",REDE D OR,,
RDTR3,"""RDTR3"",",REDENTOR,,
RECV3,"""RECV3"",",PETRORECONCA,,
REDE3,"""REDE3"",",REDE EMPRESAS DE ENERGIA ELÉTRICA S.A.,,
REDE4,"""REDE4"",",REDE EMPRESAS DE ENERGIA ELÉTRICA S.A.,,
REEM4,"""REEM4"",",RHEEM EMPRS,,
RENT3,"""RENT3"",",LOCALIZA RENT A CAR,,
REPA3,"""REPA3"",",ELECTROLUX,,
REPA4,"""REPA4"",",ELECTROLUX,,
RGEG3,"""RGEG3"",",RGE - RIO GRANDE ENERGIA,,
RHDS3,"""RHDS3"",",M G POLIEST,,
RHDS4,"""RHDS4"",",M G POLIEST,,
RIPI3,"""RIPI3"",",REFINARIA DE PETRÓLEO IPIRANGA SA,,
RIPI4,"""RIPI4"",",REFINARIA DE PETRÓLEO IPIRANGA SA,,
RJCP3,"""RJCP3"",",RJCP EQUITY,,
RLOG3,"""RLOG3"",",COSAN LOG,,
RNEW11,"""RNEW11"",",RENOVA,,
RNEW3,"""RNEW3"",",RENOVA,,
RNEW4,"""RNEW4"",",RENOVA,,
RNPT3,"""RNPT3"",",RENNER PARTICIPAÇÕES S/A,,
RNPT4,"""RNPT4"",",RENNER PARTICIPAÇÕES S/A,,
ROMI3,"""ROMI3"",",ROMI,,
ROMI4,"""ROMI4"",",ROMI,,
RPAD3,"""RPAD3"",",ALFA HOLDINGS,,
RPAD5,"""RPAD5"",",ALFA HOLDINGS,,
RPAD6,"""RPAD6"",",ALFA HOLDINGS,,
RPMG3,"""RPMG3"",",REFINARIA DE PETRÓLEOS DE MANGUINHOS S.A,,
RPMG4,"""RPMG4"",",REFINARIA DE PETRÓLEOS DE MANGUINHOS S.A,,
RPSA4,"""RPSA4"",",RIPASA,,
RRRP3,"""RRRP3"",",3R PETROLEUM,,
RSID3,"""RSID3"",",ROSSI RESIDENCIAL,,
RSIP3,"""RSIP3"",",RASIP AGRO PASTORIL,,
RSIP4,"""RSIP4"",",RASIP AGRO PASTORIL,,
RSUL4,"""RSUL4"",",METALURGICA RIOSULENSE S/A,,
SALM3,"""SALM3"",",SEARA ALIMENTOS,,
SALM4,"""SALM4"",",SEARA ALIMENTOS,,
SANB11,"""SANB11"",",SANTANDER,,
SANB3,"""SANB3"",",SANTANDER,,
SANB4,"""SANB4"",",SANTANDER,,
SAPR11,"""SAPR11"",",SANEPAR,,
SAPR3,"""SAPR3"",",SANEPAR,,
SAPR4,"""SAPR4"",",SANEPAR,,
SASG3,"""SASG3"",",SUL AMERICA SEGUROS,,
SBFG3,"""SBFG3"",",GRUPO SBF,,
SBSP3,"""SBSP3"",",SABESP,,
SCAR3,"""SCAR3"",",SÃO CARLOS EMPREEND.E PARTICIPAÇÕES S.A.,,
SCAR4,"""SCAR4"",",SÃO CARLOS EMPREEND.E PARTICIPAÇÕES S.A.,,
SCLO3,"""SCLO3"",",SCHLOSSER TECIDOS,,
SCLO4,"""SCLO4"",",SCHLOSSER TECIDOS,,
SDIA3,"""SDIA3"",",SADIA,,
SDIA4,"""SDIA4"",",SADIA,,
SEBB11,"""SEBB11"",",SEB - SISTEMA EDUCACIONAL BRASILEIRO S/A,,
SEBB3,"""SEBB3"",",SEB - SISTEMA EDUCACIONAL BRASILEIRO S/A,,
SEBB4,"""SEBB4"",",SEB - SISTEMA EDUCACIONAL BRASILEIRO S/A,,
SEDU3,"""SEDU3"",",SOMOS EDUCA,,
SEER3,"""SEER3"",",SER EDUCA,,
SEMP3,"""SEMP3"",",SEMP TOSHIBA,,
SEQL3,"""SEQL3"",",SEQUOIA LOG,,
SFSA3,"""SFSA3"",",Sofisa,,
SFSA4,"""SFSA4"",",Sofisa,,
SGEN3,"""SGEN3"",",SERGEN,,
SGEN4,"""SGEN4"",",SERGEN,,
SGPS3,"""SGPS3"",",Springs,,
SHOW3,"""SHOW3"",",TIME FOR FUN,,
SHUL4,"""SHUL4"",",SCHULZ,,
SIMH3,"""SIMH3"",",SIMPAR,,
SJOS3,"""SJOS3"",",SÃO JOSÉ,,
SJOS4,"""SJOS4"",",SÃO JOSÉ,,
SLCE3,"""SLCE3"",",SLC Agricola,,
SLCP3,"""SLCP3"",",SULACAP,,
SLED3,"""SLED3"",",EDITORA SARAIVA,,
SLED4,"""SLED4"",",EDITORA SARAIVA,,
SMFT3,"""SMFT3"",",SMART FIT,,
SMLE3,"""SMLE3"",",SMILES,,
SMLS3,"""SMLS3"",",SMILES,,
SMTO3,"""SMTO3"",",SAO MARTINHO,,
SNSY5,"""SNSY5"",",SANSUY S.A. INDÚSTRIA DE PLÁSTICOS,,
SOJA3,"""SOJA3"",",BOA SAFRA,,
SOMA3,"""SOMA3"",",GRUPO SOMA,,
SOND3,"""SOND3"",",SONDOTECNICA S/A.,,
SOND5,"""SOND5"",",SONDOTECNICA S/A.,,
SOND6,"""SOND6"",",SONDOTECNICA S/A.,,
SPRI3,"""SPRI3"",",SPRINGER,,
SPRI5,"""SPRI5"",",SPRINGER,,
SPRI6,"""SPRI6"",",SPRINGER,,
SQIA3,"""SQIA3"",",SINQIA,,
STBP11,"""STBP11"",",SBPAR,,
STBP3,"""STBP3"",",SBPAR,,
STRP4,"""STRP4"",",STAROUP,,
SUBA3,"""SUBA3"",",,,
SULA11,"""SULA11"",",Sul America,,
SULA3,"""SULA3"",",Sul America,,
SULA4,"""SULA4"",",Sul America,,
SULT3,"""SULT3"",",CONSTRUTORA SULTEPA S/A,,
SULT4,"""SULT4"",",CONSTRUTORA SULTEPA S/A,,
SUZA4,"""SUZA4"",",SUZANO HOLDING S.A.,,
SUZB3,"""SUZB3"",",Suzano Papel,,
SUZB5,"""SUZB5"",",Suzano Papel,,
SUZB6,"""SUZB6"",",Suzano Papel,,
SYNE3,"""SYNE3"",",SYN PROP TEC,,
SZPQ4,"""SZPQ4"",",SUZANO PETROQUIMICA S.A.,,
TAEE11,"""TAEE11"",",TAESA,,
TAEE3,"""TAEE3"",",TAESA,,
TAEE4,"""TAEE4"",",TAESA,,
TAMM3,"""TAMM3"",",TAM,,
TAMM4,"""TAMM4"",",TAM,,
TANC4,"""TANC4"",",TAM,,
TARP11,"""TARP11"",",TARPON,,
TASA3,"""TASA3"",",TAURUS ARMAS,,
TASA4,"""TASA4"",",TAURUS ARMAS,,
TBLE5,"""TBLE5"",",ENGIE BRASIL,,
TBLE6,"""TBLE6"",",ENGIE BRASIL,,
TCNO3,"""TCNO3"",",TECNOSOLO S/A,,
TCNO4,"""TCNO4"",",TECNOSOLO S/A,,
TCOC3,"""TCOC3"",",TELE CENTRO OESTE CELULAR PARTICIP. S/A,,
TCOC4,"""TCOC4"",",TELE CENTRO OESTE CELULAR PARTICIP. S/A,,
TCSA3,"""TCSA3"",",TECNISA,,
TCSL4,"""TCSL4"",",TIM PARTICIPAÇÕES S.A.,,
TDBH3,"""TDBH3"",",TELEFÔNICA EMPRESAS S.A,,
TDBH4,"""TDBH4"",",TELEFÔNICA EMPRESAS S.A,,
TECN3,"""TECN3"",",TECHNOS,,
TEFC11,"""TEFC11"",",TELEFÓNICA,,
TEKA3,"""TEKA3"",",TEKA S.A.,,
TEKA4,"""TEKA4"",",TEKA S.A.,,
TELB3,"""TELB3"",",TELEBRAS,,
TELB4,"""TELB4"",",TELEBRAS,,
TEMP3,"""TEMP3"",",TEMPO PART,,
TEND3,"""TEND3"",",Tenda,,
TENE5,"""TENE5"",",TECBLU,,
TENE7,"""TENE7"",",TECBLU,,
TERI3,"""TERI3"",",TEREOS,,
TESA3,"""TESA3"",",TERRA SANTA,,
TFCO4,"""TFCO4"",",TRACK FIELD,,
TGMA3,"""TGMA3"",",Tegma,,
TIET11,"""TIET11"",",AES TIETE E,,
TIET3,"""TIET3"",",AES TIETE E,,
TIET4,"""TIET4"",",AES TIETE E,,
TIMP3,"""TIMP3"",",TIM PARTICIPAÇÕES S.A.,,
TIMS3,"""TIMS3"",",TIM,,
TKNO4,"""TKNO4"",",TEKNO,,
TLCP3,"""TLCP3"",",TELE LESTE CELULAR PARTICIPAÇÕES SA,,
TLCP4,"""TLCP4"",",TELE LESTE CELULAR PARTICIPAÇÕES SA,,
TMAR3,"""TMAR3"",",TELEMAR,,
TMAR5,"""TMAR5"",",TELEMAR,,
TMAR6,"""TMAR6"",",TELEMAR,,
TMCP3,"""TMCP3"",",TELEMIG CELULAR PARTICIPAÇÕES S.A.,,
TMCP4,"""TMCP4"",",TELEMIG CELULAR PARTICIPAÇÕES S.A.,,
TMGC11,"""TMGC11"",",TELEMIG CELULAR,,
TMGC12,"""TMGC12"",",TELEMIG CELULAR,,
TMGC13,"""TMGC13"",",TELEMIG CELULAR,,
TMGC3,"""TMGC3"",",TELEMIG CELULAR,,
TMGC7,"""TMGC7"",",TELEMIG CELULAR,,
TNCP3,"""TNCP3"",",AMAZÔNIA CELULAR,,
TNCP4,"""TNCP4"",",AMAZÔNIA CELULAR,,
TNEP3,"""TNEP3"",",TELE NORDESTE CELULAR PARTICIPAÇÕES S.A.,,
TNEP4,"""TNEP4"",",TELE NORDESTE CELULAR PARTICIPAÇÕES S.A.,,
TNLP3,"""TNLP3"",",TELEMAR,,
TNLP4,"""TNLP4"",",TELEMAR,,
TOTS3,"""TOTS3"",",TOTVS,,
TOYB3,"""TOYB3"",",TEC TOY,,
TOYB4,"""TOYB4"",",TEC TOY,,
TPIS3,"""TPIS3"",",TRIUNFO PARTICIPACOES SA,,
TPRC3,"""TPRC3"",",TIM PARTICIPAÇÕES S.A.,,
TPRC6,"""TPRC6"",",TIM PARTICIPAÇÕES S.A.,,
TRAD3,"""TRAD3"",",TC,,
TRFO3,"""TRFO3"",",TRAFO,,
TRFO4,"""TRFO4"",",TRAFO,,
TRIS3,"""TRIS3"",",Trisul,,
TROR3,"""TROR3"",",TRORION,,
TROR4,"""TROR4"",",TRORION,,
TRPL3,"""TRPL3"",",TRANSMISSÃO PAULISTA,,
TRPL4,"""TRPL4"",",TRANSMISSÃO PAULISTA,,
TRPN3,"""TRPN3"",",TARPON INV,,
TSEP3,"""TSEP3"",",TELE SUDESTE CELULAR PART SA,,
TSEP4,"""TSEP4"",",TELE SUDESTE CELULAR PART SA,,
TSPP3,"""TSPP3"",",VIVO PARTICIPAÇÕES,,
TSPP4,"""TSPP4"",",VIVO PARTICIPAÇÕES,,
TTEN3,"""TTEN3"",",3TENTOS,,
TUPY3,"""TUPY3"",",TUPY,,
TUPY4,"""TUPY4"",",TUPY,,
TVIT3,"""TVIT3"",",TIVIT,,
TXRX3,"""TXRX3"",",RENAUX,,
TXRX4,"""TXRX4"",",RENAUX,,
UBBR11,"""UBBR11"",",UNIBANCO SA,,
UBBR3,"""UBBR3"",",UNIBANCO SA,,
UBBR4,"""UBBR4"",",UNIBANCO SA,,
UCAS3,"""UCAS3"",",UNICASA,,
UCOP4,"""UCOP4"",",USINA COSTA PINTO S/A AÇÚCAR E ÁLCOOL,,
UGPA3,"""UGPA3"",",ULTRAPAR PARTICIPAÇÕES SA,,
UGPA4,"""UGPA4"",",ULTRAPAR PARTICIPAÇÕES SA,,
UNIP3,"""UNIP3"",",UNIPAR PARTICIPAÇÕES S.A.,,
UNIP5,"""UNIP5"",",UNIPAR PARTICIPAÇÕES S.A.,,
UNIP6,"""UNIP6"",",UNIPAR PARTICIPAÇÕES S.A.,,
UOLL4,"""UOLL4"",",UOL,,
USIM3,"""USIM3"",",USIMINAS,,
USIM5,"""USIM5"",",USIMINAS,,
USIM6,"""USIM6"",",USIMINAS,,
VAGV3,"""VAGV3"",",SAVIRG,,
VAGV4,"""VAGV4"",",SAVIRG,,
VALE3,"""VALE3"",",VALE,,
VALE5,"""VALE5"",",VALE,,
VAMO3,"""VAMO3"",",VAMOS,,
VBBR3,"""VBBR3"",",VIBRA,,
VCPA4,"""VCPA4"",",Fibria,,
VGOR3,"""VGOR3"",",VIGOR,,
VGOR4,"""VGOR4"",",VIGOR,,
VIGR3,"""VIGR3"",",VIGOR FOOD,,
VIIA3,"""VIIA3"",",VIA,,
VINE3,"""VINE3"",",VICUNHA TEXTIL SA,,
VINE5,"""VINE5"",",VICUNHA TEXTIL SA,,
VITT3,"""VITT3"",",VITTIA,,
VIVA3,"""VIVA3"",",VIVARA S.A.,,
VIVO3,"""VIVO3"",",VIVO PARTICIPAÇÕES,,
VIVO4,"""VIVO4"",",VIVO PARTICIPAÇÕES,,
VIVR3,"""VIVR3"",",VIVER,,
VIVT3,"""VIVT3"",",TELEF BRASIL,,
VIVT4,"""VIVT4"",",TELEF BRASIL,,
VLID3,"""VLID3"",",VALID,,
VNET3,"""VNET3"",",CIELO,,
VPSC3,"""VPSC3"",",VPSC,,
VPSC4,"""VPSC4"",",VPSC,,
VPTA3,"""VPTA3"",",VPTA,,
VPTA4,"""VPTA4"",",VPTA,,
VSPT3,"""VSPT3"",",FERROVIA CENTRO-ATLÂNTICA S.A.,,
VSPT4,"""VSPT4"",",FERROVIA CENTRO-ATLÂNTICA S.A.,,
VTLM3,"""VTLM3"",",ADVANCED-DH,,
VULC3,"""VULC3"",",VULCABRAS S/A.,,
VULC4,"""VULC4"",",VULCABRAS S/A.,,
VVAR11,"""VVAR11"",",VIA,,
VVAR4,"""VVAR4"",",VIA,,
VVAX3,"""VVAX3"",",VIVAX SA,,
VVAX4,"""VVAX4"",",VIVAX SA,,
VVEO3,"""VVEO3"",",VIVEO,,
WEGE3,"""WEGE3"",",WEG SA,,
WEGE4,"""WEGE4"",",WEG SA,,
WEST3,"""WEST3"",",WESTWING,,
WHRL3,"""WHRL3"",",WHIRLPOOL S.A.,,
WHRL4,"""WHRL4"",",WHIRLPOOL S.A.,,
WISA3,"""WISA3"",",WIEST SA,,
WISA4,"""WISA4"",",WIEST SA,,
WIZS3,"""WIZS3"",",WIZ S.A.,,
WLMM3,"""WLMM3"",",WLM,,
WLMM4,"""WLMM4"",",WLM,,
WMBY3,"""WMBY3"",",WEMBLEY SOCIEDADE ANÔNIMA,,
WSON33,"""WSON33"",",Wilson Sons,,
YDUQ3,"""YDUQ3"",",YDUQS PART,,
